ID,TITLE
1036,Travel
1037,Mystery
1038,Historical Fiction
1039,Sequential Art
1040,Classics
1041,Philosophy
1042,Romance
1043,Womens Fiction
1044,Fiction
1045,Childrens
1046,Religion
1047,Nonfiction
1048,Music
1049,Default
1050,Science Fiction
1051,Sports and Games
1052,Add a comment
1053,Fantasy
1054,New Adult
1055,Young Adult
1056,Science
1057,Poetry
1058,Paranormal
1059,Art
1060,Psychology
1061,Autobiography
1062,Parenting
1063,Adult Fiction
1064,Humor
1065,Horror
1066,History
1067,Food and Drink
1068,Christian Fiction
1069,Business
1070,Biography
1071,Thriller
1072,Contemporary
1073,Spirituality
1074,Academic
1075,Self Help
1076,Historical
1077,Christian
1078,Suspense
1079,Short Stories
1080,Novels
1081,Health
1082,Politics
1083,Cultural
1084,Erotica
1085,Crime
1086,BRUTAL
